{
	"Query 1": {
		"Doc 940": 19.543,
		"Doc 390": 17.792,
		"Doc 1451": 13.466999999999999,
		"Doc 668": 13.405000000000001,
		"Doc 374": 12.621999999999998
	},
	"Query 2": {
		"Doc 75": 13.424,
		"Doc 88": 12.527000000000001,
		"Doc 193": 9.299,
		"Doc 46": 9.045,
		"Doc 61": 8.471
	},
	"Query 3": {
		"Doc 746": 12.513000000000002,
		"Doc 125": 11.268,
		"Doc 41": 11.181000000000001,
		"Doc 278": 10.0,
		"Doc 451": 9.575
	},
	"Query 4": {
		"Doc 1335": 34.589,
		"Doc 1507": 31.28,
		"Doc 1429": 31.104,
		"Doc 977": 29.409000000000002,
		"Doc 227": 27.349
	},
	"Query 5": {
		"Doc 657": 24.095,
		"Doc 1399": 21.137999999999998,
		"Doc 745": 20.945999999999998,
		"Doc 1113": 20.855999999999998,
		"Doc 767": 19.509999999999998
	},
	"Query 6": {
		"Doc 1243": 16.572,
		"Doc 106": 14.808,
		"Doc 886": 14.713999999999999,
		"Doc 1245": 14.668,
		"Doc 1174": 14.021999999999998
	},
	"Query 7": {
		"Doc 1429": 41.484,
		"Doc 1507": 29.736000000000004,
		"Doc 529": 27.14,
		"Doc 1317": 23.262999999999998,
		"Doc 1527": 23.2
	},
	"Query 8": {
		"Doc 1351": 19.296,
		"Doc 685": 18.425,
		"Doc 1062": 18.267,
		"Doc 1418": 17.616,
		"Doc 1042": 16.78
	},
	"Query 9": {
		"Doc 1263": 24.125,
		"Doc 1209": 16.253999999999998,
		"Doc 1450": 14.410999999999998,
		"Doc 972": 13.791,
		"Doc 715": 13.346
	},
	"Query 10": {
		"Doc 1303": 9.579,
		"Doc 903": 9.488,
		"Doc 478": 9.116,
		"Doc 1214": 9.073,
		"Doc 1457": 8.971
	},
	"Query 11": {
		"Doc 1153": 17.965,
		"Doc 1545": 13.316999999999998,
		"Doc 710": 13.189,
		"Doc 1529": 12.706,
		"Doc 1314": 12.491
	},
	"Query 12": {
		"Doc 1506": 13.312000000000001,
		"Doc 717": 8.939,
		"Doc 1567": 8.809,
		"Doc 891": 8.605,
		"Doc 1450": 7.061
	},
	"Query 13": {
		"Doc 897": 10.332,
		"Doc 492": 10.169,
		"Doc 1333": 10.093,
		"Doc 1462": 10.076,
		"Doc 1305": 9.934999999999999
	},
	"Query 14": {
		"Doc 1469": 15.533000000000001,
		"Doc 1233": 14.768999999999998,
		"Doc 1510": 14.261,
		"Doc 1137": 14.179,
		"Doc 1238": 13.98
	},
	"Query 15": {
		"Doc 1155": 13.187000000000001,
		"Doc 1344": 12.491,
		"Doc 861": 11.879,
		"Doc 1327": 11.82,
		"Doc 278": 11.447
	},
	"Query 16": {
		"Doc 36": 18.793000000000003,
		"Doc 878": 16.646,
		"Doc 227": 16.297,
		"Doc 1008": 16.083,
		"Doc 1113": 15.436999999999998
	},
	"Query 17": {
		"Doc 278": 18.926000000000002,
		"Doc 897": 13.821,
		"Doc 226": 10.962,
		"Doc 492": 10.169,
		"Doc 1333": 10.093
	},
	"Query 18": {
		"Doc 818": 21.828,
		"Doc 746": 16.799,
		"Doc 666": 15.918,
		"Doc 97": 15.315000000000001,
		"Doc 560": 13.667
	},
	"Query 19": {
		"Doc 154": 8.529,
		"Doc 1072": 8.456,
		"Doc 511": 8.436,
		"Doc 432": 8.341,
		"Doc 733": 8.277999999999999
	},
	"Query 20": {
		"Doc 1149": 25.081,
		"Doc 1053": 16.544,
		"Doc 1377": 15.739,
		"Doc 491": 14.684000000000001,
		"Doc 1205": 14.21
	},
	"Query 21": {
		"Doc 946": 14.674,
		"Doc 877": 11.851999999999999,
		"Doc 1335": 11.582,
		"Doc 857": 10.916,
		"Doc 1331": 10.771
	},
	"Query 22": {
		"Doc 1197": 20.342,
		"Doc 1328": 18.463,
		"Doc 1318": 17.815,
		"Doc 1244": 15.105,
		"Doc 1148": 14.927000000000001
	},
	"Query 23": {
		"Doc 1527": 11.248000000000001,
		"Doc 789": 11.06,
		"Doc 993": 10.767,
		"Doc 1263": 10.713000000000001,
		"Doc 910": 10.484
	},
	"Query 24": {
		"Doc 390": 11.418,
		"Doc 151": 8.419,
		"Doc 1502": 8.251000000000001,
		"Doc 582": 8.239,
		"Doc 479": 7.772
	},
	"Query 25": {
		"Doc 905": 12.853,
		"Doc 1233": 12.459,
		"Doc 725": 12.072,
		"Doc 1381": 11.967,
		"Doc 608": 11.202
	},
	"Query 26": {
		"Doc 1487": 15.941,
		"Doc 1116": 13.048,
		"Doc 1062": 12.718,
		"Doc 1507": 12.261000000000001,
		"Doc 1339": 11.562999999999999
	},
	"Query 27": {
		"Doc 993": 12.994,
		"Doc 918": 12.341999999999999,
		"Doc 1187": 12.04,
		"Doc 940": 11.684,
		"Doc 1389": 11.42
	},
	"Query 28": {
		"Doc 1418": 33.608999999999995,
		"Doc 917": 17.746,
		"Doc 1263": 17.443,
		"Doc 1349": 16.592,
		"Doc 664": 16.528
	},
	"Query 29": {
		"Doc 865": 17.995,
		"Doc 888": 16.937,
		"Doc 1120": 15.843,
		"Doc 1408": 14.083000000000002,
		"Doc 1053": 13.303
	},
	"Query 30": {
		"Doc 713": 14.469,
		"Doc 218": 13.899000000000001,
		"Doc 1215": 13.611,
		"Doc 1285": 12.992999999999999,
		"Doc 423": 11.940000000000001
	},
	"Query 31": {
		"Doc 576": 28.175,
		"Doc 1433": 25.706,
		"Doc 348": 21.535,
		"Doc 229": 20.857,
		"Doc 856": 20.724999999999998
	},
	"Query 32": {
		"Doc 1406": 26.976999999999997,
		"Doc 909": 22.4,
		"Doc 995": 21.838,
		"Doc 1518": 20.947,
		"Doc 1419": 20.915
	},
	"Query 33": {
		"Doc 1151": 46.150000000000006,
		"Doc 1069": 26.357,
		"Doc 454": 25.929,
		"Doc 467": 25.476,
		"Doc 627": 23.479
	},
	"Query 34": {
		"Doc 676": 23.686,
		"Doc 544": 18.553,
		"Doc 193": 18.512,
		"Doc 380": 18.04,
		"Doc 312": 17.983
	},
	"Query 35": {
		"Doc 369": 23.779999999999998,
		"Doc 1453": 22.669,
		"Doc 1121": 20.942,
		"Doc 380": 20.32,
		"Doc 837": 18.239
	},
	"Query 36": {
		"Doc 305": 25.095999999999997,
		"Doc 806": 22.208000000000002,
		"Doc 804": 21.142,
		"Doc 348": 19.985999999999997,
		"Doc 176": 19.236
	},
	"Query 37": {
		"Doc 976": 29.184,
		"Doc 36": 26.375,
		"Doc 1264": 24.095,
		"Doc 889": 23.918999999999997,
		"Doc 1507": 23.225
	},
	"Query 38": {
		"Doc 790": 35.21,
		"Doc 1159": 22.017,
		"Doc 1342": 19.808,
		"Doc 97": 19.503,
		"Doc 1487": 19.073999999999998
	},
	"Query 39": {
		"Doc 1341": 32.085,
		"Doc 674": 29.64,
		"Doc 522": 28.804,
		"Doc 699": 25.979,
		"Doc 1485": 23.583000000000002
	},
	"Query 40": {
		"Doc 520": 22.525999999999996,
		"Doc 198": 22.326,
		"Doc 1126": 21.955000000000002,
		"Doc 434": 21.713000000000005,
		"Doc 1341": 20.947000000000003
	},
	"Query 41": {
		"Doc 619": 27.308,
		"Doc 1507": 23.186,
		"Doc 1070": 22.820999999999998,
		"Doc 1532": 22.786,
		"Doc 788": 22.642
	},
	"Query 42": {
		"Doc 992": 23.871000000000002,
		"Doc 556": 17.839000000000002,
		"Doc 876": 16.376,
		"Doc 69": 16.143,
		"Doc 718": 15.527
	},
	"Query 43": {
		"Doc 471": 18.839,
		"Doc 309": 16.697000000000003,
		"Doc 1197": 16.139,
		"Doc 992": 15.787999999999998,
		"Doc 1256": 14.277000000000001
	},
	"Query 44": {
		"Doc 169": 12.431000000000001,
		"Doc 946": 11.958,
		"Doc 1197": 10.956999999999999,
		"Doc 556": 10.917,
		"Doc 1246": 10.023
	},
	"Query 45": {
		"Doc 1236": 22.966,
		"Doc 743": 20.92,
		"Doc 1201": 20.079,
		"Doc 1356": 19.502000000000002,
		"Doc 263": 18.800999999999995
	},
	"Query 46": {
		"Doc 1381": 27.758000000000003,
		"Doc 186": 21.777,
		"Doc 1165": 21.344,
		"Doc 55": 18.436999999999998,
		"Doc 423": 16.83
	},
	"Query 47": {
		"Doc 1372": 22.067,
		"Doc 1013": 20.491,
		"Doc 186": 20.360999999999997,
		"Doc 970": 18.749000000000002,
		"Doc 263": 17.406
	},
	"Query 48": {
		"Doc 202": 24.612999999999996,
		"Doc 554": 24.045,
		"Doc 1264": 22.576,
		"Doc 931": 21.686,
		"Doc 1364": 21.295
	},
	"Query 49": {
		"Doc 1218": 17.436,
		"Doc 928": 16.991,
		"Doc 1400": 13.844999999999999,
		"Doc 461": 13.705000000000002,
		"Doc 1513": 13.659
	},
	"Query 50": {
		"Doc 570": 11.908999999999999,
		"Doc 1534": 11.296,
		"Doc 651": 11.286000000000001,
		"Doc 1457": 11.122,
		"Doc 1167": 10.982
	},
	"Query 51": {
		"Doc 1534": 11.296,
		"Doc 651": 11.286000000000001,
		"Doc 1457": 11.122,
		"Doc 1167": 10.982,
		"Doc 845": 10.633
	},
	"Query 52": {
		"Doc 1174": 14.238999999999999,
		"Doc 1452": 5.089,
		"Doc 184": 5.057,
		"Doc 101": 5.013,
		"Doc 1195": 4.984
	},
	"Query 53": {
		"Doc 873": 25.657,
		"Doc 544": 18.606,
		"Doc 495": 18.026,
		"Doc 88": 17.839,
		"Doc 116": 17.131999999999998
	},
	"Query 54": {
		"Doc 1357": 26.285,
		"Doc 954": 24.825000000000003,
		"Doc 1335": 22.217999999999996,
		"Doc 331": 22.169,
		"Doc 1487": 22.08
	},
	"Query 55": {
		"Doc 560": 17.534,
		"Doc 1325": 15.95,
		"Doc 664": 13.526,
		"Doc 520": 12.565999999999999,
		"Doc 434": 11.211
	},
	"Query 56": {
		"Doc 948": 19.137,
		"Doc 1335": 18.233999999999998,
		"Doc 560": 16.976,
		"Doc 419": 16.555999999999997,
		"Doc 1121": 14.190000000000001
	},